code,nL,xL,delta2Norm,delta2NormnL,delta2NormxL,insulinMAPE,age,BMI,mass,height
pt1b,1e-07,1.26510677556462,0.762094063291475,0.732113784044073,0.0343834248158437,1.14633945524961,25,23,85,185
pt1c,1e-07,1.09873035272037,0.00913266493211664,0.00479852322314681,0.0102502913589706,0.847165305463329,25,23,85,185
