code,nL,xL,delta2Norm,delta2NormnL,delta2NormxL,insulinMAPE,age,BMI,mass,height
pt1b,0.15,0.67,0.762094063291475,0.732113784044073,0.0343834248158437,0.732191472574857,25,23,85,185
pt1c,0.15,0.67,0.00913266493211664,0.00479852322314681,0.0102502913589706,0.557995661622508,25,23,85,185
pt2,0.15,0.67,0.00278509980260418,0.00487873093535118,0.0028200046821828,0.702602888493686,25,23,85,185
pt4a,0.15,0.67,0.014169592769764,0.0333602962138161,0.0222595532468476,0.924386842048708,25,23,85,185
pt4b,0.15,0.67,0.00704241812964525,0.0103457341707125,0.00682298480752657,0.679993776337195,25,23,85,185
pt5,0.15,0.67,0.00784823214962771,0.0118711316264874,0.0042232549161135,0.787435880016916,25,23,85,185
pt16,0.15,0.67,0.00379319780076398,0.0193645698625119,0.0177702533323362,0.555630826345953,25,23,85,185
pt22,0.15,0.67,0.0068453765073625,0.00756387125797216,0.000718506642150604,0.664725465003504,25,23,85,185
pt25,0.15,0.67,0.00918875591323393,0.0132269979228572,0.0141245389060793,0.787704452782388,25,23,85,185
