code,nL,xL,delta2Norm,delta2NormnL,delta2NormxL,insulinMAPE,age,BMI,mass,height
PCREBRF146,0.177635438681676,0.453113245097549,0.0267160194073316,0.0526148740735262,0.0259028475599955,0.0919272116043349,27,32,103.6,177.5
