code,nL,xL,delta2Norm,delta2NormnL,delta2NormxL,insulinMAPE,age,BMI,mass
PDetemir1,1e-07,0.214333334432754,0.000853119042085438,0.000623717045464618,0.0010418620675143,0.301425864743245,73,27.2,88
