code,nL,xL,delta2Norm,delta2NormnL,delta2NormxL,insulinMAPE,age,BMI,mass
PDetemir1,1e-07,0.351175865988432,0.000853119042085438,0.00140962327416489,0.00188320761614316,0.393530355581786,73,27.2,88
