code,nL,xL,delta2Norm,delta2NormnL,delta2NormxL,insulinMAPE,age,BMI,mass,height
PDISST24,1e-07,0.789292133618613,0.0780389298041897,0.386083150889686,0.326458903137538,0.754526188990453,21,19.02,62.3,181
