code,nL,xL,delta2Norm,delta2NormnL,delta2NormxL,insulinMAPE,age,BMI,mass,height
PDISST24,1e-07,0.782564216551019,0.0676419978306314,0.392230645754816,0.336221001208545,0.989994609183307,60,25.129457111367,65.3,161.2
