nL [1/min],xL [1],SI [*1e-3 L/mU/min],insulinMAPE [%],glucoseMAPE [%]
0.090474723826726,0.675721518394536,0.765087718983152,31.0186080582896,17.4173549627102
