Uen@80%,Uen@100%,Uen@120%
0.666666666666667,0.824045318333193,0.824045318333193
0.449174719167157,0.661989390490963,0.824045318333193
0.203304843385259,0.352927024505535,0.449174719167157
