Uen@80%,Uen@100%,Uen@120%
1.23606797749979,1.52786404500042,1.52786404500042
0.76393202250021,1.23606797749979,1.52786404500042
0.330307489904544,0.475188938515343,0.76393202250021
